1,101,あいうえお,2024-01-10
2,102,2024-01-02,2024-01-11
3,103,2024-01-03,2024-01-12
4,104,2024-01-04,2024-01-13
5,105,2024-01-05,2024-01-14
6,106,2024-01-06,2024-01-15
7,107,2024-01-07,2024-01-16
8,108,2024-01-08,2024-01-17
9,109,2024-01-09,2024-01-18
10,110,2024-01-10,2024-01-19
11,111,2024-01-11,2024-01-20
12,112,2024-01-12,2024-01-21
13,113,2024-01-13,2024-01-22
14,114,2024-01-14,2024-01-23
15,115,2024-01-15,2024-01-24
16,116,2024-01-16,2024-01-25
17,117,2024-01-17,2024-01-26
18,118,2024-01-18,2024-01-27
19,119,2024-01-19,2024-01-28
20,120,2024-01-20,2024-01-29
21,121,2024-01-21,2024-01-30
22,122,2024-01-22,2024-01-31
23,123,2024-01-23,2024-02-01
24,124,2024-01-24,2024-02-02
25,125,2024-01-25,2024-02-03
26,126,2024-01-26,2024-02-04
27,127,2024-01-27,2024-02-05
28,128,2024-01-28,2024-02-06
29,129,2024-01-29,2024-02-07
30,130,2024-01-30,2024-02-08
31,131,2024-01-31,2024-02-09
32,132,2024-02-01,2024-02-10
33,133,2024-02-02,2024-02-11
34,134,2024-02-03,2024-02-12
35,135,2024-02-04,2024-02-13
36,136,2024-02-05,2024-02-14
37,137,2024-02-06,2024-02-15
38,138,2024-02-07,2024-02-16
39,139,2024-02-08,2024-02-17
40,140,2024-02-09,2024-02-18
41,141,2024-02-10,2024-02-19
42,142,2024-02-11,2024-02-20
43,143,2024-02-12,2024-02-21
44,144,2024-02-13,2024-02-22
45,145,2024-02-14,2024-02-23
46,146,2024-02-15,2024-02-24
47,147,2024-02-16,2024-02-25
48,148,2024-02-17,2024-02-26
49,149,2024-02-18,2024-02-27
50,150,2024-02-19,2024-02-28
51,151,2024-02-20,2024-02-29
52,152,2024-02-21,2024-03-01
53,153,2024-02-22,2024-03-02
54,154,2024-02-23,2024-03-03
55,155,2024-02-24,2024-03-04
56,156,2024-02-25,2024-03-05
57,157,2024-02-26,2024-03-06
58,158,2024-02-27,2024-03-07
59,159,2024-02-28,2024-03-08
60,160,2024-02-29,2024-03-09
61,161,2024-03-01,2024-03-10
62,162,2024-03-02,2024-03-11
63,163,2024-03-03,2024-03-12
64,164,2024-03-04,2024-03-13
65,165,2024-03-05,2024-03-14
66,166,2024-03-06,2024-03-15
67,167,2024-03-07,2024-03-16
68,168,2024-03-08,2024-03-17
69,169,2024-03-09,2024-03-18
70,170,2024-03-10,2024-03-19
71,171,2024-03-11,2024-03-20
72,172,2024-03-12,2024-03-21
73,173,2024-03-13,2024-03-22
74,174,2024-03-14,2024-03-23
75,175,2024-03-15,2024-03-24
76,176,2024-03-16,2024-03-25
77,177,2024-03-17,2024-03-26
78,178,2024-03-18,2024-03-27
79,179,2024-03-19,2024-03-28
80,180,2024-03-20,2024-03-29
81,181,2024-03-21,2024-03-30
82,182,2024-03-22,2024-03-31
83,183,2024-03-23,2024-04-01
84,184,2024-03-24,2024-04-02
85,185,2024-03-25,2024-04-03
86,186,2024-03-26,2024-04-04
87,187,2024-03-27,2024-04-05
88,188,2024-03-28,2024-04-06
89,189,2024-03-29,2024-04-07
90,190,2024-03-30,2024-04-08
91,191,2024-03-31,2024-04-09
92,192,2024-04-01,2024-04-10
93,193,2024-04-02,2024-04-11
94,194,2024-04-03,2024-04-12
95,195,2024-04-04,2024-04-13
96,196,2024-04-05,2024-04-14
97,197,2024-04-06,2024-04-15
98,198,2024-04-07,2024-04-16
99,199,2024-04-08,2024-04-17
100,200,2024-04-09,2024-04-18
